PRAGMA foreign_keys=OFF;
BEGIN TRANSACTION;
CREATE TABLE "accounts_user" ("password" varchar(128) NOT NULL, "last_login" datetime NULL, "is_staff" bool NOT NULL, "user_id" varchar(50) NOT NULL PRIMARY KEY, "first_name" varchar(50) NOT NULL, "last_name" varchar(50) NOT NULL, "username" varchar(50) NOT NULL UNIQUE, "email" varchar(50) NOT NULL UNIQUE, "user_address" varchar(50) NOT NULL, "date_joined" datetime NOT NULL, "updated_at" datetime NOT NULL, "is_deleted" bool NOT NULL, "is_active" bool NOT NULL, "is_superuser" bool NOT NULL, "role_name" varchar(50) NOT NULL, "phone_number" varchar(50) NOT NULL);
INSERT INTO "accounts_user" VALUES('pbkdf2_sha256$180000$i6OUnARAGD0q$qQAw2W9GB47n+8pbV5xybifhJ6dEvc4KlHpFP5TIWVE=',NULL,1,'','','','admin','admin@gmail.com','','2020-08-13 21:34:47.730811','2020-08-13 21:34:47.730811',0,1,1,'','');
INSERT INTO "accounts_user" VALUES('',NULL,0,'f6a3d5d8-92fd-4ad0-9b4e-c38fa4147135','ab','c','abc','abc@xyz.com','djiowdw','2020-08-13 21:48:12.307845','2020-08-13 21:48:12.307845',0,1,0,'Client Admin','43283743113');
INSERT INTO "accounts_user" VALUES('',NULL,0,'e6c3cfcf-72d4-4b39-baa2-2e614bd8b45f','bhgyoo','yiasdf','bhgyoo','rgsya@xyz.com','zfer3','2020-08-13 21:49:44.411133','2020-08-13 21:49:44.411133',0,1,0,'Supervisor','43283743113');
INSERT INTO "accounts_user" VALUES('',NULL,0,'7b954b16-72b5-4fb9-a0e6-3a4080c2213a','xcdjj','kkja','xysandiwq','udsn@xyz.com','mlfgdof','2020-08-13 21:50:47.306107','2020-08-13 21:50:47.306107',0,1,0,'Operator','43283743113');
CREATE TABLE "accounts_user_groups" ("id" integer NOT NULL PRIMARY KEY AUTOINCREMENT, "user_id" varchar(50) NOT NULL REFERENCES "accounts_user" ("user_id") DEFERRABLE INITIALLY DEFERRED, "group_id" integer NOT NULL REFERENCES "auth_group" ("id") DEFERRABLE INITIALLY DEFERRED);
CREATE TABLE "accounts_user_user_permissions" ("id" integer NOT NULL PRIMARY KEY AUTOINCREMENT, "user_id" varchar(50) NOT NULL REFERENCES "accounts_user" ("user_id") DEFERRABLE INITIALLY DEFERRED, "permission_id" integer NOT NULL REFERENCES "auth_permission" ("id") DEFERRABLE INITIALLY DEFERRED);
CREATE TABLE "accounts_user_client" ("user_ptr_id" varchar(50) NOT NULL PRIMARY KEY REFERENCES "accounts_user" ("user_id") DEFERRABLE INITIALLY DEFERRED, "client_id" varchar(50) NOT NULL REFERENCES "accounts_client" ("client_id") DEFERRABLE INITIALLY DEFERRED, "client_user_manager" varchar(50) NOT NULL, "is_client_admin" bool NOT NULL, "is_system_integrator" bool NOT NULL);
INSERT INTO "accounts_user_client" VALUES('f6a3d5d8-92fd-4ad0-9b4e-c38fa4147135','b0c2e0e3-8aa5-4186-8000-b1377d679772','None',1,0);
INSERT INTO "accounts_user_client" VALUES('e6c3cfcf-72d4-4b39-baa2-2e614bd8b45f','b0c2e0e3-8aa5-4186-8000-b1377d679772','abc',0,0);
INSERT INTO "accounts_user_client" VALUES('7b954b16-72b5-4fb9-a0e6-3a4080c2213a','b0c2e0e3-8aa5-4186-8000-b1377d679772','abc',0,0);
CREATE TABLE "accounts_user_si" ("user_ptr_id" varchar(50) NOT NULL PRIMARY KEY REFERENCES "accounts_user" ("user_id") DEFERRABLE INITIALLY DEFERRED, "si_id" varchar(50) NOT NULL REFERENCES "accounts_si" ("client_ptr_id") DEFERRABLE INITIALLY DEFERRED, "is_system_integrator" bool NOT NULL);
CREATE TABLE "accounts_client" ("client_id" varchar(50) NOT NULL PRIMARY KEY, "client_name" varchar(50) NOT NULL, "client_license_key" varchar(100) NOT NULL, "client_role" varchar(50) NOT NULL, "assigned_to" varchar(50) NOT NULL, "client_address" varchar(500) NOT NULL, "is_deleted" bool NOT NULL);
INSERT INTO "accounts_client" VALUES('b0c2e0e3-8aa5-4186-8000-b1377d679772','Toyoda','dfhiweuf8w','Role2','Client_User3','Bangalore',0);
INSERT INTO "accounts_client" VALUES('ed2ea23a-ad5b-44e3-894f-210571232e0a','MAC','git678900ff5rft','Role3','Client_User5','Bangalore',0);
CREATE TABLE "accounts_si" ("client_ptr_id" varchar(50) NOT NULL PRIMARY KEY REFERENCES "accounts_client" ("client_id") DEFERRABLE INITIALLY DEFERRED, "activeClients" varchar(200) NOT NULL, "license_key_list" varchar(200) NOT NULL);
INSERT INTO "accounts_si" VALUES('ed2ea23a-ad5b-44e3-894f-210571232e0a','Toyoda','bhhu88');
CREATE TABLE "django_migrations" ("id" integer NOT NULL PRIMARY KEY AUTOINCREMENT, "app" varchar(255) NOT NULL, "name" varchar(255) NOT NULL, "applied" datetime NOT NULL);
INSERT INTO "django_migrations" VALUES(1,'contenttypes','0001_initial','2020-08-13 21:31:53.344579');
INSERT INTO "django_migrations" VALUES(2,'admin','0001_initial','2020-08-13 21:31:53.465259');
INSERT INTO "django_migrations" VALUES(3,'admin','0002_logentry_remove_auto_add','2020-08-13 21:31:53.572970');
INSERT INTO "django_migrations" VALUES(4,'admin','0003_logentry_add_action_flag_choices','2020-08-13 21:31:53.673709');
INSERT INTO "django_migrations" VALUES(5,'contenttypes','0002_remove_content_type_name','2020-08-13 21:31:53.806350');
INSERT INTO "django_migrations" VALUES(6,'auth','0001_initial','2020-08-13 21:31:53.940988');
INSERT INTO "django_migrations" VALUES(7,'auth','0002_alter_permission_name_max_length','2020-08-13 21:31:54.048696');
INSERT INTO "django_migrations" VALUES(8,'auth','0003_alter_user_email_max_length','2020-08-13 21:31:54.143443');
INSERT INTO "django_migrations" VALUES(9,'auth','0004_alter_user_username_opts','2020-08-13 21:31:54.246169');
INSERT INTO "django_migrations" VALUES(10,'auth','0005_alter_user_last_login_null','2020-08-13 21:31:54.343941');
INSERT INTO "django_migrations" VALUES(11,'auth','0006_require_contenttypes_0002','2020-08-13 21:31:54.442663');
INSERT INTO "django_migrations" VALUES(12,'auth','0007_alter_validators_add_error_messages','2020-08-13 21:31:54.540406');
INSERT INTO "django_migrations" VALUES(13,'auth','0008_alter_user_username_max_length','2020-08-13 21:31:54.637126');
INSERT INTO "django_migrations" VALUES(14,'auth','0009_alter_user_last_name_max_length','2020-08-13 21:31:54.743844');
INSERT INTO "django_migrations" VALUES(15,'auth','0010_alter_group_name_max_length','2020-08-13 21:31:54.846566');
INSERT INTO "django_migrations" VALUES(16,'auth','0011_update_proxy_permissions','2020-08-13 21:31:54.974480');
INSERT INTO "django_migrations" VALUES(17,'sessions','0001_initial','2020-08-13 21:31:55.072968');
CREATE TABLE "django_admin_log" ("id" integer NOT NULL PRIMARY KEY AUTOINCREMENT, "action_time" datetime NOT NULL, "object_id" text NULL, "object_repr" varchar(200) NOT NULL, "change_message" text NOT NULL, "content_type_id" integer NULL REFERENCES "django_content_type" ("id") DEFERRABLE INITIALLY DEFERRED, "user_id" varchar(50) NOT NULL REFERENCES "accounts_user" ("user_id") DEFERRABLE INITIALLY DEFERRED, "action_flag" smallint unsigned NOT NULL CHECK ("action_flag" >= 0));
CREATE TABLE "django_content_type" ("id" integer NOT NULL PRIMARY KEY AUTOINCREMENT, "app_label" varchar(100) NOT NULL, "model" varchar(100) NOT NULL);
INSERT INTO "django_content_type" VALUES(1,'admin','logentry');
INSERT INTO "django_content_type" VALUES(2,'auth','permission');
INSERT INTO "django_content_type" VALUES(3,'auth','group');
INSERT INTO "django_content_type" VALUES(4,'contenttypes','contenttype');
INSERT INTO "django_content_type" VALUES(5,'sessions','session');
INSERT INTO "django_content_type" VALUES(6,'accounts','user');
INSERT INTO "django_content_type" VALUES(7,'accounts','user_client');
INSERT INTO "django_content_type" VALUES(8,'accounts','user_si');
INSERT INTO "django_content_type" VALUES(9,'accounts','client');
INSERT INTO "django_content_type" VALUES(10,'accounts','si');
CREATE TABLE "auth_group_permissions" ("id" integer NOT NULL PRIMARY KEY AUTOINCREMENT, "group_id" integer NOT NULL REFERENCES "auth_group" ("id") DEFERRABLE INITIALLY DEFERRED, "permission_id" integer NOT NULL REFERENCES "auth_permission" ("id") DEFERRABLE INITIALLY DEFERRED);
CREATE TABLE "auth_permission" ("id" integer NOT NULL PRIMARY KEY AUTOINCREMENT, "content_type_id" integer NOT NULL REFERENCES "django_content_type" ("id") DEFERRABLE INITIALLY DEFERRED, "codename" varchar(100) NOT NULL, "name" varchar(255) NOT NULL);
INSERT INTO "auth_permission" VALUES(1,1,'add_logentry','Can add log entry');
INSERT INTO "auth_permission" VALUES(2,1,'change_logentry','Can change log entry');
INSERT INTO "auth_permission" VALUES(3,1,'delete_logentry','Can delete log entry');
INSERT INTO "auth_permission" VALUES(4,1,'view_logentry','Can view log entry');
INSERT INTO "auth_permission" VALUES(5,2,'add_permission','Can add permission');
INSERT INTO "auth_permission" VALUES(6,2,'change_permission','Can change permission');
INSERT INTO "auth_permission" VALUES(7,2,'delete_permission','Can delete permission');
INSERT INTO "auth_permission" VALUES(8,2,'view_permission','Can view permission');
INSERT INTO "auth_permission" VALUES(9,3,'add_group','Can add group');
INSERT INTO "auth_permission" VALUES(10,3,'change_group','Can change group');
INSERT INTO "auth_permission" VALUES(11,3,'delete_group','Can delete group');
INSERT INTO "auth_permission" VALUES(12,3,'view_group','Can view group');
INSERT INTO "auth_permission" VALUES(13,4,'add_contenttype','Can add content type');
INSERT INTO "auth_permission" VALUES(14,4,'change_contenttype','Can change content type');
INSERT INTO "auth_permission" VALUES(15,4,'delete_contenttype','Can delete content type');
INSERT INTO "auth_permission" VALUES(16,4,'view_contenttype','Can view content type');
INSERT INTO "auth_permission" VALUES(17,5,'add_session','Can add session');
INSERT INTO "auth_permission" VALUES(18,5,'change_session','Can change session');
INSERT INTO "auth_permission" VALUES(19,5,'delete_session','Can delete session');
INSERT INTO "auth_permission" VALUES(20,5,'view_session','Can view session');
INSERT INTO "auth_permission" VALUES(21,6,'add_user','Can add User List');
INSERT INTO "auth_permission" VALUES(22,6,'change_user','Can change User List');
INSERT INTO "auth_permission" VALUES(23,6,'delete_user','Can delete User List');
INSERT INTO "auth_permission" VALUES(24,6,'view_user','Can view User List');
INSERT INTO "auth_permission" VALUES(25,7,'add_user_client','Can add User: Client List');
INSERT INTO "auth_permission" VALUES(26,7,'change_user_client','Can change User: Client List');
INSERT INTO "auth_permission" VALUES(27,7,'delete_user_client','Can delete User: Client List');
INSERT INTO "auth_permission" VALUES(28,7,'view_user_client','Can view User: Client List');
INSERT INTO "auth_permission" VALUES(29,8,'add_user_si','Can add User: SI List');
INSERT INTO "auth_permission" VALUES(30,8,'change_user_si','Can change User: SI List');
INSERT INTO "auth_permission" VALUES(31,8,'delete_user_si','Can delete User: SI List');
INSERT INTO "auth_permission" VALUES(32,8,'view_user_si','Can view User: SI List');
INSERT INTO "auth_permission" VALUES(33,9,'add_client','Can add Client List');
INSERT INTO "auth_permission" VALUES(34,9,'change_client','Can change Client List');
INSERT INTO "auth_permission" VALUES(35,9,'delete_client','Can delete Client List');
INSERT INTO "auth_permission" VALUES(36,9,'view_client','Can view Client List');
INSERT INTO "auth_permission" VALUES(37,10,'add_si','Can add Client: SI List');
INSERT INTO "auth_permission" VALUES(38,10,'change_si','Can change Client: SI List');
INSERT INTO "auth_permission" VALUES(39,10,'delete_si','Can delete Client: SI List');
INSERT INTO "auth_permission" VALUES(40,10,'view_si','Can view Client: SI List');
CREATE TABLE "auth_group" ("id" integer NOT NULL PRIMARY KEY AUTOINCREMENT, "name" varchar(150) NOT NULL UNIQUE);
CREATE TABLE "django_session" ("session_key" varchar(40) NOT NULL PRIMARY KEY, "session_data" text NOT NULL, "expire_date" datetime NOT NULL);
DELETE FROM sqlite_sequence;
INSERT INTO "sqlite_sequence" VALUES('django_migrations',17);
INSERT INTO "sqlite_sequence" VALUES('django_admin_log',0);
INSERT INTO "sqlite_sequence" VALUES('django_content_type',10);
INSERT INTO "sqlite_sequence" VALUES('auth_permission',40);
INSERT INTO "sqlite_sequence" VALUES('auth_group',0);
CREATE UNIQUE INDEX "accounts_user_groups_user_id_group_id_59c0b32f_uniq" ON "accounts_user_groups" ("user_id", "group_id");
CREATE INDEX "accounts_user_groups_user_id_52b62117" ON "accounts_user_groups" ("user_id");
CREATE INDEX "accounts_user_groups_group_id_bd11a704" ON "accounts_user_groups" ("group_id");
CREATE UNIQUE INDEX "accounts_user_user_permissions_user_id_permission_id_2ab516c2_uniq" ON "accounts_user_user_permissions" ("user_id", "permission_id");
CREATE INDEX "accounts_user_user_permissions_user_id_e4f0a161" ON "accounts_user_user_permissions" ("user_id");
CREATE INDEX "accounts_user_user_permissions_permission_id_113bb443" ON "accounts_user_user_permissions" ("permission_id");
CREATE INDEX "accounts_user_client_client_id_9fc2b32e" ON "accounts_user_client" ("client_id");
CREATE INDEX "accounts_user_si_si_id_a7a387b1" ON "accounts_user_si" ("si_id");
CREATE INDEX "django_admin_log_content_type_id_c4bce8eb" ON "django_admin_log" ("content_type_id");
CREATE INDEX "django_admin_log_user_id_c564eba6" ON "django_admin_log" ("user_id");
CREATE UNIQUE INDEX "django_content_type_app_label_model_76bd3d3b_uniq" ON "django_content_type" ("app_label", "model");
CREATE UNIQUE INDEX "auth_group_permissions_group_id_permission_id_0cd325b0_uniq" ON "auth_group_permissions" ("group_id", "permission_id");
CREATE INDEX "auth_group_permissions_group_id_b120cbf9" ON "auth_group_permissions" ("group_id");
CREATE INDEX "auth_group_permissions_permission_id_84c5c92e" ON "auth_group_permissions" ("permission_id");
CREATE UNIQUE INDEX "auth_permission_content_type_id_codename_01ab375a_uniq" ON "auth_permission" ("content_type_id", "codename");
CREATE INDEX "auth_permission_content_type_id_2f476e4b" ON "auth_permission" ("content_type_id");
CREATE INDEX "django_session_expire_date_a5c62663" ON "django_session" ("expire_date");
COMMIT;
